species,ch,v_2cm,v_1cm,v_5mm,v_2mm,v_1mm
tomato,0.222,0.0521,0.0179,0.00508,0.000715,0.000137
watermelon,0.0127,0.00405,0.00138,0.000427,0.0000931,0.000026
