trial,samples,npts,npts_sd,nnd,nnd_sd,ch_vol,ch_vol_sd,npts_vol,npts_vol_sd,r_npts_nnd,r_npts_ch_vol,r_nnd_ch_vol,r_npts_vol_nnd,p_npts_nnd,p_npts_ch_vol,p_nnd_ch_vol,p_npts_vol_nnd
All_Watermelon,66,241668,144979,0.00247,0.00175,2.86,4.424,2116556.999,5953473.772,0.13,0.21,0.86,-0.42,0.31,0.096,0.0,0.0
All_Tomato,125,218627,75923,0.00145,0.0006,0.464,0.291,1589991.643,3446183.442,0.04,0.33,0.81,-0.66,0.635,0.0,0.0,0.0
Pepper_Variety_Trial,104,274975,77720,0.00187,0.00116,0.853,0.668,2245739.036,2807451.08,-0.76,-0.6,0.93,-0.9,0.0,0.0,0.0,0.0
Transplant-Age_Plants,5,102238,38856,0.00025,5e-05,0.011,0.008,11234348.343,4149071.753,-0.16,0.89,0.26,-0.59,0.803,0.041,0.667,0.297
Watermelon_Variety_Trial,42,266636,133520,0.00313,0.00168,3.96,5.183,164600.009,112358.163,-0.17,0.13,0.89,-0.88,0.268,0.423,0.0,0.0
Tomato_Fertilizer_Trial,74,226284,72222,0.00164,0.00046,0.507,0.175,678326.343,878563.193,-0.22,0.34,0.73,-0.81,0.065,0.003,0.0,0.0
Garden_Plots,70,211766,109421,0.00129,0.00085,0.612,0.778,3216580.369,6451561.431,0.27,0.34,0.89,-0.53,0.023,0.004,0.0,0.0
All_Scans,295,243647,99039,0.00183,0.00121,1.137,2.325,1938978.227,3962155.991,-0.1,0.11,0.76,-0.52,0.087,0.065,0.0,0.0
